Auto-update on Sat May 17 01:59:46 UTC 2025
Auto-update on Sun May 18 03:34:05 UTC 2025
Auto-update on Mon May 19 03:37:12 UTC 2025
Auto-update on Tue May 20 03:31:24 UTC 2025
Auto-update on Wed May 21 03:30:41 UTC 2025
Auto-update on Thu May 22 03:31:06 UTC 2025
Auto-update on Fri May 23 03:30:55 UTC 2025
Auto-update on Sat May 24 03:15:58 UTC 2025
Auto-update on Sun May 25 03:37:21 UTC 2025
Auto-update on Mon May 26 03:35:14 UTC 2025
Auto-update on Tue May 27 03:30:53 UTC 2025
Auto-update on Wed May 28 03:32:25 UTC 2025
Auto-update on Thu May 29 03:33:29 UTC 2025
Auto-update on Fri May 30 03:31:43 UTC 2025
Auto-update on Sat May 31 03:29:42 UTC 2025
Auto-update on Sun Jun  1 03:52:21 UTC 2025
Auto-update on Mon Jun  2 03:41:32 UTC 2025
Auto-update on Tue Jun  3 03:35:35 UTC 2025
Auto-update on Wed Jun  4 03:36:14 UTC 2025
Auto-update on Thu Jun  5 03:36:50 UTC 2025
Auto-update on Fri Jun  6 03:36:00 UTC 2025
Auto-update on Sat Jun  7 03:32:33 UTC 2025
Auto-update on Sun Jun  8 03:41:48 UTC 2025
Auto-update on Mon Jun  9 03:41:56 UTC 2025
Auto-update on Tue Jun 10 03:37:37 UTC 2025
Auto-update on Wed Jun 11 03:37:26 UTC 2025
Auto-update on Thu Jun 12 03:36:19 UTC 2025
Auto-update on Fri Jun 13 03:37:11 UTC 2025
Auto-update on Sat Jun 14 03:31:48 UTC 2025
Auto-update on Sun Jun 15 03:42:08 UTC 2025
Auto-update on Mon Jun 16 03:42:27 UTC 2025
Auto-update on Tue Jun 17 01:37:18 UTC 2025
Auto-update on Wed Jun 18 01:27:53 UTC 2025
Auto-update on Thu Jun 19 01:37:34 UTC 2025
Auto-update on Fri Jun 20 01:27:36 UTC 2025
Auto-update on Sat Jun 21 01:26:58 UTC 2025
Auto-update on Sun Jun 22 01:44:16 UTC 2025
Auto-update on Mon Jun 23 01:42:49 UTC 2025
Auto-update on Tue Jun 24 01:37:36 UTC 2025
Auto-update on Wed Jun 25 01:38:06 UTC 2025
Auto-update on Thu Jun 26 01:36:54 UTC 2025
Auto-update on Fri Jun 27 01:38:14 UTC 2025
Auto-update on Sat Jun 28 01:26:21 UTC 2025
Auto-update on Sun Jun 29 01:46:15 UTC 2025
Auto-update on Mon Jun 30 01:42:27 UTC 2025
Auto-update on Tue Jul  1 01:47:39 UTC 2025
Auto-update on Wed Jul  2 01:37:32 UTC 2025
Auto-update on Thu Jul  3 01:37:47 UTC 2025
Auto-update on Fri Jul  4 01:37:08 UTC 2025
Auto-update on Sat Jul  5 01:25:46 UTC 2025
Auto-update on Sun Jul  6 01:44:56 UTC 2025
Auto-update on Mon Jul  7 01:42:45 UTC 2025
Auto-update on Tue Jul  8 01:38:20 UTC 2025
Auto-update on Wed Jul  9 01:39:33 UTC 2025
Auto-update on Thu Jul 10 01:39:33 UTC 2025
Auto-update on Fri Jul 11 01:40:37 UTC 2025
Auto-update on Sat Jul 12 01:42:06 UTC 2025
Auto-update on Sun Jul 13 01:49:07 UTC 2025
Auto-update on Mon Jul 14 01:45:14 UTC 2025
Auto-update on Tue Jul 15 01:45:38 UTC 2025
Auto-update on Wed Jul 16 01:42:06 UTC 2025
Auto-update on Thu Jul 17 01:42:56 UTC 2025
Auto-update on Fri Jul 18 01:43:57 UTC 2025
Auto-update on Sat Jul 19 01:39:35 UTC 2025
Auto-update on Sun Jul 20 01:50:46 UTC 2025
Auto-update on Mon Jul 21 01:48:26 UTC 2025
Auto-update on Tue Jul 22 01:43:17 UTC 2025
Auto-update on Wed Jul 23 01:44:09 UTC 2025
Auto-update on Thu Jul 24 01:43:25 UTC 2025
Auto-update on Fri Jul 25 01:43:00 UTC 2025
Auto-update on Sat Jul 26 01:40:16 UTC 2025
Auto-update on Sun Jul 27 01:51:21 UTC 2025
Auto-update on Mon Jul 28 01:49:38 UTC 2025
Auto-update on Tue Jul 29 01:55:27 UTC 2025
Auto-update on Wed Jul 30 01:45:49 UTC 2025
Auto-update on Thu Jul 31 01:44:56 UTC 2025
Auto-update on Fri Aug  1 01:54:58 UTC 2025
Auto-update on Sat Aug  2 01:40:22 UTC 2025
Auto-update on Sun Aug  3 01:52:46 UTC 2025
Auto-update on Mon Aug  4 01:53:12 UTC 2025
Auto-update on Tue Aug  5 01:48:09 UTC 2025
Auto-update on Wed Aug  6 01:46:22 UTC 2025
Auto-update on Thu Aug  7 01:46:44 UTC 2025
Auto-update on Fri Aug  8 01:46:08 UTC 2025
Auto-update on Sat Aug  9 01:36:55 UTC 2025
Auto-update on Sun Aug 10 01:49:40 UTC 2025
Auto-update on Mon Aug 11 01:46:37 UTC 2025
Auto-update on Tue Aug 12 01:27:42 UTC 2025
Auto-update on Wed Aug 13 01:38:05 UTC 2025
Auto-update on Thu Aug 14 01:38:44 UTC 2025
Auto-update on Fri Aug 15 01:38:58 UTC 2025
Auto-update on Sat Aug 16 01:25:59 UTC 2025
Auto-update on Sun Aug 17 01:43:56 UTC 2025
Auto-update on Mon Aug 18 01:44:20 UTC 2025
Auto-update on Tue Aug 19 01:25:41 UTC 2025
Auto-update on Wed Aug 20 01:23:53 UTC 2025
Auto-update on Thu Aug 21 01:23:06 UTC 2025
Auto-update on Fri Aug 22 01:23:39 UTC 2025
Auto-update on Sat Aug 23 01:21:19 UTC 2025
Auto-update on Sun Aug 24 01:40:23 UTC 2025
Auto-update on Mon Aug 25 01:27:03 UTC 2025
Auto-update on Tue Aug 26 01:24:40 UTC 2025
Auto-update on Wed Aug 27 01:22:15 UTC 2025
Auto-update on Thu Aug 28 01:21:29 UTC 2025
Auto-update on Fri Aug 29 01:21:55 UTC 2025
Auto-update on Sat Aug 30 01:17:51 UTC 2025
Auto-update on Sun Aug 31 01:26:31 UTC 2025
Auto-update on Mon Sep  1 01:42:35 UTC 2025
Auto-update on Tue Sep  2 01:22:50 UTC 2025
Auto-update on Wed Sep  3 01:17:54 UTC 2025
Auto-update on Thu Sep  4 01:17:48 UTC 2025
Auto-update on Fri Sep  5 01:19:39 UTC 2025
Auto-update on Sat Sep  6 01:17:36 UTC 2025
Auto-update on Sun Sep  7 01:25:20 UTC 2025
Auto-update on Mon Sep  8 01:23:36 UTC 2025
Auto-update on Tue Sep  9 01:21:02 UTC 2025
Auto-update on Wed Sep 10 01:18:32 UTC 2025
Auto-update on Thu Sep 11 01:20:29 UTC 2025
Auto-update on Fri Sep 12 01:17:25 UTC 2025
Auto-update on Sat Sep 13 01:14:06 UTC 2025
Auto-update on Sun Sep 14 01:24:36 UTC 2025
Auto-update on Mon Sep 15 01:24:36 UTC 2025
Auto-update on Tue Sep 16 01:18:19 UTC 2025
Auto-update on Wed Sep 17 01:18:45 UTC 2025
Auto-update on Thu Sep 18 01:18:15 UTC 2025
Auto-update on Fri Sep 19 01:20:32 UTC 2025
Auto-update on Sat Sep 20 01:16:57 UTC 2025
Auto-update on Sun Sep 21 01:26:44 UTC 2025
Auto-update on Mon Sep 22 01:25:52 UTC 2025
Auto-update on Tue Sep 23 01:19:08 UTC 2025
Auto-update on Wed Sep 24 01:19:50 UTC 2025
Auto-update on Thu Sep 25 01:20:24 UTC 2025
Auto-update on Fri Sep 26 01:19:57 UTC 2025
Auto-update on Sat Sep 27 01:16:48 UTC 2025
Auto-update on Sun Sep 28 01:27:32 UTC 2025
Auto-update on Mon Sep 29 01:22:01 UTC 2025
Auto-update on Tue Sep 30 01:20:53 UTC 2025
Auto-update on Wed Oct  1 01:36:52 UTC 2025
Auto-update on Thu Oct  2 01:18:29 UTC 2025
Auto-update on Fri Oct  3 01:18:15 UTC 2025
Auto-update on Sat Oct  4 01:16:01 UTC 2025
Auto-update on Sun Oct  5 01:26:44 UTC 2025
Auto-update on Mon Oct  6 01:20:44 UTC 2025
Auto-update on Tue Oct  7 01:19:21 UTC 2025
Auto-update on Wed Oct  8 01:19:15 UTC 2025
Auto-update on Thu Oct  9 01:19:54 UTC 2025
Auto-update on Fri Oct 10 01:20:12 UTC 2025
Auto-update on Sat Oct 11 01:17:04 UTC 2025
Auto-update on Sun Oct 12 01:23:51 UTC 2025
Auto-update on Mon Oct 13 01:25:14 UTC 2025
Auto-update on Tue Oct 14 01:20:05 UTC 2025
Auto-update on Wed Oct 15 01:22:21 UTC 2025
Auto-update on Thu Oct 16 01:21:33 UTC 2025
Auto-update on Fri Oct 17 01:21:22 UTC 2025
Auto-update on Sat Oct 18 01:17:19 UTC 2025
Auto-update on Sun Oct 19 01:38:16 UTC 2025
Auto-update on Mon Oct 20 01:27:24 UTC 2025
Auto-update on Tue Oct 21 01:23:39 UTC 2025
Auto-update on Wed Oct 22 01:25:13 UTC 2025
Auto-update on Thu Oct 23 01:22:54 UTC 2025
Auto-update on Fri Oct 24 01:19:27 UTC 2025
Auto-update on Sat Oct 25 01:20:35 UTC 2025
Auto-update on Sun Oct 26 01:28:10 UTC 2025
Auto-update on Mon Oct 27 01:38:46 UTC 2025
Auto-update on Tue Oct 28 01:21:58 UTC 2025
Auto-update on Wed Oct 29 01:27:26 UTC 2025
Auto-update on Thu Oct 30 01:26:45 UTC 2025
Auto-update on Fri Oct 31 01:24:21 UTC 2025
Auto-update on Sat Nov  1 01:36:03 UTC 2025
Auto-update on Sun Nov  2 01:37:27 UTC 2025
Auto-update on Mon Nov  3 01:28:08 UTC 2025
Auto-update on Tue Nov  4 01:25:07 UTC 2025
Auto-update on Wed Nov  5 01:26:17 UTC 2025
Auto-update on Thu Nov  6 01:25:51 UTC 2025
Auto-update on Fri Nov  7 01:25:40 UTC 2025
Auto-update on Sat Nov  8 01:21:07 UTC 2025
Auto-update on Sun Nov  9 01:36:34 UTC 2025
Auto-update on Mon Nov 10 01:38:01 UTC 2025
Auto-update on Tue Nov 11 01:26:09 UTC 2025
Auto-update on Wed Nov 12 01:25:45 UTC 2025
Auto-update on Thu Nov 13 01:26:37 UTC 2025
Auto-update on Fri Nov 14 01:26:45 UTC 2025
Auto-update on Sat Nov 15 01:23:39 UTC 2025
Auto-update on Sun Nov 16 01:38:54 UTC 2025
Auto-update on Mon Nov 17 01:26:47 UTC 2025
Auto-update on Tue Nov 18 01:25:43 UTC 2025
Auto-update on Wed Nov 19 01:25:34 UTC 2025
Auto-update on Thu Nov 20 01:24:10 UTC 2025
Auto-update on Fri Nov 21 01:25:02 UTC 2025
Auto-update on Sat Nov 22 01:22:20 UTC 2025
Auto-update on Sun Nov 23 01:45:08 UTC 2025
Auto-update on Mon Nov 24 01:40:19 UTC 2025
Auto-update on Tue Nov 25 01:26:17 UTC 2025
Auto-update on Wed Nov 26 01:26:09 UTC 2025
Auto-update on Thu Nov 27 01:25:25 UTC 2025
Auto-update on Fri Nov 28 01:24:16 UTC 2025
Auto-update on Sat Nov 29 01:24:41 UTC 2025
Auto-update on Sun Nov 30 01:44:27 UTC 2025
Auto-update on Mon Dec  1 01:51:28 UTC 2025
Auto-update on Tue Dec  2 01:27:44 UTC 2025
Auto-update on Wed Dec  3 01:27:54 UTC 2025
Auto-update on Thu Dec  4 01:37:27 UTC 2025
Auto-update on Fri Dec  5 01:37:48 UTC 2025
Auto-update on Sat Dec  6 01:23:55 UTC 2025
Auto-update on Sun Dec  7 01:44:51 UTC 2025
Auto-update on Mon Dec  8 01:38:12 UTC 2025
Auto-update on Tue Dec  9 01:28:09 UTC 2025
Auto-update on Wed Dec 10 01:39:44 UTC 2025
Auto-update on Thu Dec 11 01:40:07 UTC 2025
Auto-update on Fri Dec 12 01:39:43 UTC 2025
Auto-update on Sat Dec 13 01:25:47 UTC 2025
Auto-update on Sun Dec 14 01:45:19 UTC 2025
Auto-update on Mon Dec 15 01:43:19 UTC 2025
Auto-update on Tue Dec 16 01:40:29 UTC 2025
Auto-update on Wed Dec 17 01:26:54 UTC 2025
